{
  "lenses": [
    64,
    24
  ],
  "instants": [
    2,
    4,
    6,
    8,
    12
  ],
  "boot_block": 5,
  "n_prot_days": 346,
  "latency_top1": {
    "64_nowcast_2": 0.049132947976878616,
    "64_nowcast_4": 0.0838150289017341,
    "64_nowcast_6": 0.0927536231884058,
    "64_nowcast_8": 0.10144927536231885,
    "64_nowcast_12": 0.16231884057971013,
    "64_breadth_hard_2": 0.046242774566473986,
    "64_breadth_hard_4": 0.06936416184971098,
    "64_breadth_hard_6": 0.0838150289017341,
    "64_breadth_hard_8": 0.07803468208092486,
    "64_breadth_hard_12": 0.11560693641618497,
    "24_nowcast_2": 0.06358381502890173,
    "24_nowcast_4": 0.08959537572254335,
    "24_nowcast_6": 0.11304347826086956,
    "24_nowcast_8": 0.12753623188405797,
    "24_nowcast_12": 0.2782608695652174,
    "24_breadth_hard_2": 0.046242774566473986,
    "24_breadth_hard_4": 0.07803468208092486,
    "24_breadth_hard_6": 0.08670520231213873,
    "24_breadth_hard_8": 0.11271676300578035,
    "24_breadth_hard_12": 0.13005780346820808
  },
  "concordance": {
    "64": {
      "cur_dir": 0.16231884057971013,
      "cur": 0.17391304347826086,
      "d_cohen": 0.2541017747647608
    },
    "24": {
      "cur_dir": 0.2782608695652174,
      "cur": 0.28695652173913044,
      "d_cohen": 0.5654338362112437
    }
  },
  "e5": {
    "n": 394,
    "mean_diff_bp": 1.1841490146699611,
    "ci_bp": [
      -0.6463089860661346,
      3.000422740526009
    ],
    "verdict": false
  }
}