sess,dur_med,mfe_med,n
londres,4.0,19.799999999999816,10992
ny,4.0,12.299999999998423,5042
outro,4.0,13.349999999999751,1120
tokyo,4.0,16.399999999998684,6230
