pred,target,top3_mean,ci_lo,ci_hi,lift,spearman,n_days
base_atr,tgt_range,71.15827956989246,67.82960107526881,74.89506774193546,1.6486363415094045,0.7944628507462858,775
base_asia,tgt_range,68.95462365591398,65.1976010752688,73.26275268817209,1.5884319089722292,0.6253143736089743,775
P8_mag,tgt_range,46.915268817204314,44.11436344086023,49.87759569892475,1.0763775644741544,0.05415754859725021,775
P8_intra,tgt_range,45.4065806451613,43.189332258064525,47.77310967741938,1.0554622022599036,0.04434180880995353,775
P8_long,tgt_range,47.54503225806453,44.288997849462376,51.34140537634406,1.0809475463185376,0.06067224837448253,775
P10_brd,tgt_range,44.267827956989265,42.0822989247312,46.595218279569906,1.0269065100429073,0.054589086022968775,775
stack_atr_P8,tgt_range,64.44606451612904,61.10676559139785,68.22641612903227,1.483526733233306,0.5743246287732509,775
P8_shuf,tgt_range,43.63707526881719,41.5682440860215,45.89761075268812,1.0131475826652432,0.004889871719659449,775
