pred,target,top3_mean,ci_lo,ci_hi,lift,spearman,n_days
base_atr,tgt_norm,0.570442255043896,0.5473694022894774,0.5918315974285497,0.9013898982393839,-0.08959901599601273,775
base_asia,tgt_norm,0.6198920856207114,0.5917022750355885,0.6498920437511057,0.9770435794317197,-0.06913992732443926,775
P8_mag,tgt_norm,0.6603639861991859,0.6300960139885713,0.6948895673153669,1.0316223693232114,0.03540437519046522,775
P8_intra,tgt_norm,0.6546291344027761,0.6281025841145639,0.6816058427685117,1.0272190844411797,0.03562470847472895,775
P8_long,tgt_norm,0.6436123629397521,0.6158239446967329,0.6738133171210502,1.0099213874962665,0.027437716217379154,775
P10_brd,tgt_norm,0.6382834296917088,0.6082585096949755,0.6710267512077044,0.9956833038062132,0.002959754444653122,775
stack_atr_P8,tgt_norm,0.6097512261022832,0.5839898916236925,0.6371471307790716,0.9588387168230894,-0.03877143394250591,775
P8_shuf,tgt_norm,0.6384858401241452,0.6121998011397397,0.6657055797404056,1.0022560955901443,-0.0023235207393627923,775
