{
  "n_perm": 200,
  "perm_block": 5,
  "cv_gap": 5,
  "lenses": [
    16,
    24,
    32,
    48
  ],
  "thetas": {
    "q0": 0.0,
    "q50": 9.218312520819e-05,
    "q75": 0.00029031625753853107
  },
  "t1": {
    "chosen": "alin",
    "lens": 16,
    "train_top1": 0.140625,
    "p95": 0.18185425685425685,
    "verdict": false
  },
  "t2": {
    "p95_bp": 3.266259982356154,
    "verdict": false,
    "chosen": "mom_puro_q0",
    "lens": "\u2014",
    "valid_mean_bp": -0.268257523270336,
    "valid_ci_bp": [
      -3.4287106170729755,
      2.9120646154871332
    ],
    "n_valid": 99
  },
  "ml_auc": {
    "16": {
      "lg": 0.5150366862167455,
      "gb": 0.49667625020507183
    },
    "24": {
      "lg": 0.47799112460696785,
      "gb": 0.4982243346266918
    },
    "32": {
      "lg": 0.4927296859693152,
      "gb": 0.49821234211915455
    },
    "48": {
      "lg": 0.5104488004259018,
      "gb": 0.4888579541270682
    }
  }
}