{
  "64": {
    "t_gate": 2.137276188480851,
    "t_low": 1.367121630290931
  },
  "24": {
    "t_gate": 2.474918208802089,
    "t_low": 1.5207444018747596
  }
}